DEM,Before_NMAD,After_NMAD
dem_2008.tif,2.20607328414917,2.1585657596588135
dem_2025.tif,2.5892109870910645,1.8769584894180298
